Feature,Importance
GENE2,0.14285714285714285
GENE5,0.14285714285714285
GENE10,0.14285714285714285
GENE7,0.14285714285714285
GENE1,0.09523809523809523
GENE8,0.09523809523809523
GENE9,0.09523809523809523
GENE3,0.07142857142857142
GENE6,0.047619047619047616
GENE4,0.023809523809523808
